{"sections":{"163278922317529ff2":{"type":"image-with-text","blocks":{"163278922317529ff2-0":{"type":"heading","settings":{"heading":"Image with text"}},"163278922317529ff2-1":{"type":"text","settings":{"text":"<p>Pair text with an image to focus on your chosen product, collection, or blog post. Add details on availability, style, or even provide a review.<\/p>"}}},"block_order":["163278922317529ff2-0","163278922317529ff2-1"],"settings":{"image":"shopify:\/\/shop_images\/FOTO.jpg","height":"adapt","color_scheme":"background-1","layout":"text_first"}},"16327891898ad5748c":{"type":"image-with-text","blocks":{"16327891898ad5748c-0":{"type":"heading","settings":{"heading":"Image with text"}},"16327891898ad5748c-1":{"type":"text","settings":{"text":"<p>Pair text with an image to focus on your chosen product, collection, or blog post. Add details on availability, style, or even provide a review.<\/p>"}}},"block_order":["16327891898ad5748c-0","16327891898ad5748c-1"],"settings":{"image":"shopify:\/\/shop_images\/FOTO.jpg","height":"adapt","color_scheme":"background-1","layout":"image_first"}},"multi_column":{"type":"multicolumn","blocks":{"column1":{"type":"column","settings":{"image":"shopify:\/\/shop_images\/FOTO.jpg","title":"","text":""}},"column2":{"type":"column","settings":{"image":"shopify:\/\/shop_images\/FOTO.jpg","title":"","text":""}},"column3":{"type":"column","settings":{"image":"shopify:\/\/shop_images\/FOTO.jpg","title":"","text":""}}},"block_order":["column1","column2","column3"],"settings":{"title":"","image_width":"full","image_ratio":"portrait","column_alignment":"center","background_style":"none","button_label":"","button_link":"","swipe_on_mobile":false}},"1632788988b057940e":{"type":"multicolumn","blocks":{"1632788988b057940e-0":{"type":"column","settings":{"image":"shopify:\/\/shop_images\/FOTO.jpg","title":"","text":""}},"1632788988b057940e-1":{"type":"column","settings":{"image":"shopify:\/\/shop_images\/FOTO.jpg","title":"","text":""}},"1632788988b057940e-2":{"type":"column","settings":{"image":"shopify:\/\/shop_images\/FOTO.jpg","title":"","text":""}}},"block_order":["1632788988b057940e-0","1632788988b057940e-1","1632788988b057940e-2"],"settings":{"title":"","image_width":"full","image_ratio":"portrait","column_alignment":"center","background_style":"none","button_label":"","button_link":"","swipe_on_mobile":false}}},"order":["163278922317529ff2","16327891898ad5748c","multi_column","1632788988b057940e"]}