{"sections":{"main":{"type":"main-page","disabled":true,"settings":{}},"1632781438083b48e3":{"type":"image-banner","settings":{"image":"shopify:\/\/shop_images\/FOTO.jpg","adapt_height_first_image":false,"desktop_text_box_position":"center","show_text_box":true,"image_overlay_opacity":0,"color_scheme":"background-1","stack_images_on_mobile":true,"show_text_below":true}},"1632781541906461d9":{"type":"rich-text","blocks":{"1632781541906461d9-0":{"type":"heading","settings":{"heading":"Stud Service","heading_size":"h1"}}},"block_order":["1632781541906461d9-0"],"settings":{"color_scheme":"background-1","full_width":true}},"16327763140a65f432":{"type":"multicolumn","blocks":{"16327763140a65f432-0":{"type":"column","settings":{"image":"shopify:\/\/shop_images\/FOTO.jpg","title":"","text":""}},"16327763140a65f432-1":{"type":"column","settings":{"image":"shopify:\/\/shop_images\/FOTO.jpg","title":"","text":""}},"16327763140a65f432-2":{"type":"column","settings":{"image":"shopify:\/\/shop_images\/FOTO.jpg","title":"","text":""}}},"block_order":["16327763140a65f432-0","16327763140a65f432-1","16327763140a65f432-2"],"settings":{"title":"","image_width":"full","image_ratio":"square","column_alignment":"center","background_style":"none","button_label":"","button_link":"","swipe_on_mobile":false}},"16327816671e2c06d5":{"type":"rich-text","blocks":{"16327816671e2c06d5-0":{"type":"heading","settings":{"heading":"Stud Service","heading_size":"h1"}}},"block_order":["16327816671e2c06d5-0"],"settings":{"color_scheme":"background-1","full_width":true}},"1632776427ad6c5355":{"type":"multicolumn","blocks":{"1632776427ad6c5355-0":{"type":"column","settings":{"image":"shopify:\/\/shop_images\/FOTO.jpg","title":"","text":""}},"1632776427ad6c5355-1":{"type":"column","settings":{"image":"shopify:\/\/shop_images\/FOTO.jpg","title":"","text":""}},"1632776427ad6c5355-2":{"type":"column","settings":{"image":"shopify:\/\/shop_images\/FOTO.jpg","title":"","text":""}}},"block_order":["1632776427ad6c5355-0","1632776427ad6c5355-1","1632776427ad6c5355-2"],"settings":{"title":"","image_width":"full","image_ratio":"square","column_alignment":"center","background_style":"none","button_label":"","button_link":"","swipe_on_mobile":false}}},"order":["main","1632781438083b48e3","1632781541906461d9","16327763140a65f432","16327816671e2c06d5","1632776427ad6c5355"]}