{"sections":{"main":{"type":"main-page","disabled":true,"settings":{}},"1632788433087c490a":{"type":"rich-text","blocks":{"1632788433087c490a-0":{"type":"heading","settings":{"heading":"Located in: XXXXXXXXXXXXX","heading_size":"h1"}}},"block_order":["1632788433087c490a-0"],"settings":{"color_scheme":"background-1","full_width":true}},"163278853257bdf13b":{"type":"rich-text","blocks":{"163278853257bdf13b-0":{"type":"heading","settings":{"heading":"Phone: +x (xxx) xxx-xx-xx","heading_size":"h1"}}},"block_order":["163278853257bdf13b-0"],"settings":{"color_scheme":"background-1","full_width":true}},"1632788611dace8d14":{"type":"rich-text","blocks":{"1632788611dace8d14-0":{"type":"heading","settings":{"heading":"E-mail: xxxxxxx@xxxxx.xxx","heading_size":"h1"}}},"block_order":["1632788611dace8d14-0"],"settings":{"color_scheme":"background-1","full_width":true}},"form":{"type":"contact-form","settings":{"heading":""}}},"order":["main","1632788433087c490a","163278853257bdf13b","1632788611dace8d14","form"]}