{"sections":{"main":{"type":"main-page","disabled":true,"settings":{}},"1632776304517ac66a":{"type":"image-with-text","blocks":{"1632776304517ac66a-0":{"type":"heading","settings":{"heading":"Image with text"}},"1632776304517ac66a-1":{"type":"text","settings":{"text":"<p>Pair text with an image to focus on your chosen product, collection, or blog post. Add details on availability, style, or even provide a review.<\/p>"}}},"block_order":["1632776304517ac66a-0","1632776304517ac66a-1"],"settings":{"image":"shopify:\/\/shop_images\/FOTO.jpg","height":"adapt","color_scheme":"background-1","layout":"text_first"}}},"order":["main","1632776304517ac66a"]}