{"sections":{"main":{"type":"main-page","disabled":true,"settings":{}},"1632789503870fe29a":{"type":"collage","blocks":{"1632789503870fe29a-0":{"type":"video","settings":{"video_url":"https:\/\/www.youtube.com\/watch?v=_9VUPq3SxOc","description":"Describe the video","image_padding":false}},"9b360fde-e7f4-4cd2-8fec-5722ce85a39d":{"type":"image","settings":{"image":"shopify:\/\/shop_images\/FOTO.jpg","image_padding":false,"color_scheme":"background-1"}}},"block_order":["1632789503870fe29a-0","9b360fde-e7f4-4cd2-8fec-5722ce85a39d"],"settings":{"heading":"","desktop_layout":"left","mobile_layout":"column"}},"1632789523883ba643":{"type":"collage","blocks":{"738441c8-0360-43ff-b3e8-47313a0deb1f":{"type":"image","settings":{"image":"shopify:\/\/shop_images\/FOTO.jpg","image_padding":false,"color_scheme":"background-1"}},"7e36666a-2739-4846-b3de-f86c6faebde2":{"type":"image","settings":{"image":"shopify:\/\/shop_images\/FOTO.jpg","image_padding":false,"color_scheme":"background-1"}},"1632789523883ba643-0":{"type":"video","settings":{"video_url":"https:\/\/www.youtube.com\/watch?v=_9VUPq3SxOc","description":"Describe the video","image_padding":false}}},"block_order":["738441c8-0360-43ff-b3e8-47313a0deb1f","7e36666a-2739-4846-b3de-f86c6faebde2","1632789523883ba643-0"],"settings":{"heading":"","desktop_layout":"right","mobile_layout":"collage"}},"1632789597c5f72737":{"type":"collage","blocks":{"1632789597c5f72737-0":{"type":"video","settings":{"video_url":"https:\/\/www.youtube.com\/watch?v=_9VUPq3SxOc","description":"Describe the video","image_padding":false}},"4b69a6a5-f85d-4b00-9295-a6bfa8a9a7ce":{"type":"image","settings":{"image":"shopify:\/\/shop_images\/FOTO.jpg","image_padding":false,"color_scheme":"background-1"}},"1f74ba7c-c3ac-4fc8-a050-51d25cd06d1d":{"type":"image","settings":{"image":"shopify:\/\/shop_images\/FOTO.jpg","image_padding":false,"color_scheme":"background-1"}}},"block_order":["1632789597c5f72737-0","4b69a6a5-f85d-4b00-9295-a6bfa8a9a7ce","1f74ba7c-c3ac-4fc8-a050-51d25cd06d1d"],"settings":{"heading":"","desktop_layout":"right","mobile_layout":"collage"}},"16327763140a65f432":{"type":"multicolumn","blocks":{"16327763140a65f432-0":{"type":"column","settings":{"image":"shopify:\/\/shop_images\/FOTO.jpg","title":"","text":""}},"16327763140a65f432-1":{"type":"column","settings":{"image":"shopify:\/\/shop_images\/FOTO.jpg","title":"","text":""}},"16327763140a65f432-2":{"type":"column","settings":{"image":"shopify:\/\/shop_images\/FOTO.jpg","title":"","text":""}}},"block_order":["16327763140a65f432-0","16327763140a65f432-1","16327763140a65f432-2"],"settings":{"title":"","image_width":"full","image_ratio":"portrait","column_alignment":"center","background_style":"none","button_label":"","button_link":"","swipe_on_mobile":false}},"1632776427ad6c5355":{"type":"multicolumn","blocks":{"1632776427ad6c5355-0":{"type":"column","settings":{"image":"shopify:\/\/shop_images\/FOTO.jpg","title":"","text":""}},"1632776427ad6c5355-1":{"type":"column","settings":{"image":"shopify:\/\/shop_images\/FOTO.jpg","title":"","text":""}},"1632776427ad6c5355-2":{"type":"column","settings":{"image":"shopify:\/\/shop_images\/FOTO.jpg","title":"","text":""}}},"block_order":["1632776427ad6c5355-0","1632776427ad6c5355-1","1632776427ad6c5355-2"],"settings":{"title":"","image_width":"full","image_ratio":"portrait","column_alignment":"center","background_style":"none","button_label":"","button_link":"","swipe_on_mobile":false}}},"order":["main","1632789503870fe29a","1632789523883ba643","1632789597c5f72737","16327763140a65f432","1632776427ad6c5355"]}