{"sections":{"main":{"type":"main-page","disabled":true,"settings":{}},"1632776304517ac66a":{"type":"image-with-text","blocks":{"1632776304517ac66a-0":{"type":"heading","settings":{"heading":"Image with text"}},"1632776304517ac66a-1":{"type":"text","settings":{"text":"<p>Pair text with an image to focus on your chosen product, collection, or blog post. Add details on availability, style, or even provide a review.<\/p>"}}},"block_order":["1632776304517ac66a-0","1632776304517ac66a-1"],"settings":{"image":"shopify:\/\/shop_images\/FOTO.jpg","height":"adapt","color_scheme":"background-1","layout":"image_first"}},"16327763140a65f432":{"type":"multicolumn","blocks":{"16327763140a65f432-0":{"type":"column","settings":{"image":"shopify:\/\/shop_images\/FOTO.jpg","title":"","text":""}},"16327763140a65f432-1":{"type":"column","settings":{"image":"shopify:\/\/shop_images\/FOTO.jpg","title":"","text":""}},"16327763140a65f432-2":{"type":"column","settings":{"image":"shopify:\/\/shop_images\/FOTO.jpg","title":"","text":""}}},"block_order":["16327763140a65f432-0","16327763140a65f432-1","16327763140a65f432-2"],"settings":{"title":"","image_width":"full","image_ratio":"portrait","column_alignment":"center","background_style":"none","button_label":"","button_link":"","swipe_on_mobile":false}},"1632776427ad6c5355":{"type":"multicolumn","blocks":{"1632776427ad6c5355-0":{"type":"column","settings":{"image":"shopify:\/\/shop_images\/FOTO.jpg","title":"","text":""}},"1632776427ad6c5355-1":{"type":"column","settings":{"image":"shopify:\/\/shop_images\/FOTO.jpg","title":"","text":""}},"1632776427ad6c5355-2":{"type":"column","settings":{"image":"shopify:\/\/shop_images\/FOTO.jpg","title":"","text":""}}},"block_order":["1632776427ad6c5355-0","1632776427ad6c5355-1","1632776427ad6c5355-2"],"settings":{"title":"","image_width":"full","image_ratio":"portrait","column_alignment":"center","background_style":"none","button_label":"","button_link":"","swipe_on_mobile":false}}},"order":["main","1632776304517ac66a","16327763140a65f432","1632776427ad6c5355"]}