{"sections":{"main":{"type":"main-page","disabled":true,"settings":{}},"16327704566489ee7e":{"type":"collage","blocks":{"83f62755-eb3e-48a4-a8be-0a09aa825319":{"type":"image","settings":{"image":"shopify:\/\/shop_images\/FOTO.jpg","image_padding":false,"color_scheme":"accent-1"}},"37f00724-8c94-4bb2-8aa6-4ae0398e2738":{"type":"image","settings":{"image_padding":true,"color_scheme":"accent-1"}}},"block_order":["83f62755-eb3e-48a4-a8be-0a09aa825319","37f00724-8c94-4bb2-8aa6-4ae0398e2738"],"settings":{"heading":"","desktop_layout":"left","mobile_layout":"collage"}},"1632770487b513e251":{"type":"multicolumn","blocks":{"1632770487b513e251-0":{"type":"column","settings":{"image":"shopify:\/\/shop_images\/FOTO.jpg","title":"","text":""}},"1632770487b513e251-1":{"type":"column","settings":{"image":"shopify:\/\/shop_images\/FOTO.jpg","title":"","text":""}},"1632770487b513e251-2":{"type":"column","settings":{"image":"shopify:\/\/shop_images\/FOTO.jpg","title":"","text":""}}},"block_order":["1632770487b513e251-0","1632770487b513e251-1","1632770487b513e251-2"],"settings":{"title":"","image_width":"full","image_ratio":"square","column_alignment":"center","background_style":"secondary","button_label":"","button_link":"","swipe_on_mobile":false}},"163277060240cebdef":{"type":"multicolumn","blocks":{"163277060240cebdef-0":{"type":"column","settings":{"image":"shopify:\/\/shop_images\/FOTO.jpg","title":"","text":""}},"163277060240cebdef-1":{"type":"column","settings":{"image":"shopify:\/\/shop_images\/FOTO.jpg","title":"","text":""}},"163277060240cebdef-2":{"type":"column","settings":{"image":"shopify:\/\/shop_images\/FOTO.jpg","title":"","text":""}}},"block_order":["163277060240cebdef-0","163277060240cebdef-1","163277060240cebdef-2"],"settings":{"title":"","image_width":"full","image_ratio":"square","column_alignment":"center","background_style":"primary","button_label":"","button_link":"","swipe_on_mobile":false}}},"order":["main","16327704566489ee7e","1632770487b513e251","163277060240cebdef"]}