{"sections":{"main":{"type":"main-page","disabled":true,"settings":{}},"1632776304517ac66a":{"type":"image-with-text","blocks":{"1632776304517ac66a-0":{"type":"heading","settings":{"heading":"Image with text"}},"1632776304517ac66a-1":{"type":"text","settings":{"text":"<p>Pair text with an image to focus on your chosen product, collection, or blog post. Add details on availability, style, or even provide a review.<\/p>"}}},"block_order":["1632776304517ac66a-0","1632776304517ac66a-1"],"settings":{"image":"shopify:\/\/shop_images\/FOTO.jpg","height":"adapt","color_scheme":"background-1","layout":"text_first"}},"1632778980b0d62d85":{"type":"image-with-text","blocks":{"1632778980b0d62d85-0":{"type":"heading","settings":{"heading":"Image with text"}},"1632778980b0d62d85-1":{"type":"text","settings":{"text":"<p>Pair text with an image to focus on your chosen product, collection, or blog post. Add details on availability, style, or even provide a review.<\/p>"}}},"block_order":["1632778980b0d62d85-0","1632778980b0d62d85-1"],"settings":{"image":"shopify:\/\/shop_images\/FOTO.jpg","height":"adapt","color_scheme":"background-1","layout":"image_first"}},"1632778987d9e5981a":{"type":"multicolumn","blocks":{"1632778987d9e5981a-0":{"type":"column","settings":{"image":"shopify:\/\/shop_images\/FOTO.jpg","title":"","text":""}},"1632778987d9e5981a-1":{"type":"column","settings":{"image":"shopify:\/\/shop_images\/FOTO.jpg","title":"","text":""}},"1632778987d9e5981a-2":{"type":"column","settings":{"image":"shopify:\/\/shop_images\/FOTO.jpg","title":"","text":""}}},"block_order":["1632778987d9e5981a-0","1632778987d9e5981a-1","1632778987d9e5981a-2"],"settings":{"title":"","image_width":"full","image_ratio":"square","column_alignment":"center","background_style":"primary","button_label":"","button_link":"","swipe_on_mobile":false}},"163278016028b144e3":{"type":"multicolumn","blocks":{"163278016028b144e3-0":{"type":"column","settings":{"image":"shopify:\/\/shop_images\/FOTO.jpg","title":"","text":""}},"163278016028b144e3-1":{"type":"column","settings":{"image":"shopify:\/\/shop_images\/FOTO.jpg","title":"","text":""}},"163278016028b144e3-2":{"type":"column","settings":{"image":"shopify:\/\/shop_images\/FOTO.jpg","title":"","text":""}}},"block_order":["163278016028b144e3-0","163278016028b144e3-1","163278016028b144e3-2"],"settings":{"title":"","image_width":"full","image_ratio":"square","column_alignment":"center","background_style":"primary","button_label":"","button_link":"","swipe_on_mobile":false}},"1632780976e9845d85":{"type":"collage","blocks":{"52d1ab6a-a93a-4e9d-863b-9605ea38c6cc":{"type":"image","settings":{"image":"shopify:\/\/shop_images\/FOTO.jpg","image_padding":false,"color_scheme":"background-1"}},"1632780976e9845d85-0":{"type":"video","settings":{"video_url":"https:\/\/www.youtube.com\/watch?v=_9VUPq3SxOc","description":"Describe the video","image_padding":false}}},"block_order":["52d1ab6a-a93a-4e9d-863b-9605ea38c6cc","1632780976e9845d85-0"],"settings":{"heading":"","desktop_layout":"right","mobile_layout":"collage"}}},"order":["main","1632776304517ac66a","1632778980b0d62d85","1632778987d9e5981a","163278016028b144e3","1632780976e9845d85"]}