{"current":{"colors_solid_button_labels":"#FFFFFF","colors_accent_1":"#121212","colors_accent_2":"#334FB4","colors_text":"#121212","colors_outline_button_labels":"#121212","colors_background_1":"#FFFFFF","colors_background_2":"#F3F3F3","type_header_font":"assistant_n4","type_body_font":"assistant_n4","social_twitter_link":"https:\/\/twitter.com\/shopify","social_facebook_link":"https:\/\/www.facebook.com\/ShopifyES\/","social_pinterest_link":"https:\/\/pinterest.com\/shopify","social_instagram_link":"http:\/\/instagram.com\/shopify","social_tiktok_link":"https:\/\/tiktok.com\/@shopify","social_tumblr_link":"https:\/\/shopify.tumblr.com","social_snapchat_link":"https:\/\/www.snapchat.com\/add\/shopify","social_youtube_link":"https:\/\/www.youtube.com\/shopify","social_vimeo_link":"https:\/\/vimeo.com\/shopify","currency_code_enabled":false,"sections":{"announcement-bar":{"type":"announcement-bar","blocks":{"announcement-bar-0":{"type":"announcement","settings":{"text":"Aquí van las próximas noticias de perros","color_scheme":"accent-1","link":""}}},"block_order":["announcement-bar-0"],"settings":{}},"header":{"type":"header","settings":{"color_scheme":"background-1","logo":"shopify:\/\/shop_images\/FOTO.jpg","logo_width":100,"logo_position":"top-center","menu":"main-menu","show_line_separator":true,"enable_sticky_header":true}},"footer":{"type":"footer","settings":{"color_scheme":"accent-1","newsletter_enable":false,"newsletter_heading":"","show_social":true,"enable_country_selector":true,"enable_language_selector":true,"payment_enable":true}}},"content_for_index":[]},"presets":{"Default":{"colors_solid_button_labels":"#FFFFFF","colors_accent_1":"#121212","colors_accent_2":"#334FB4","colors_text":"#121212","colors_outline_button_labels":"#121212","colors_background_1":"#FFFFFF","colors_background_2":"#F3F3F3","type_header_font":"assistant_n4","type_body_font":"assistant_n4","sections":{"announcement-bar":{"type":"announcement-bar","blocks":{"announcement-bar-0":{"type":"announcement","settings":{"color_scheme":"background-1"}}},"block_order":["announcement-bar-0"],"settings":{}}}},"Craft":{"colors_solid_button_labels":"#EFECEC","colors_accent_1":"#2A332F","colors_accent_2":"#476154","colors_text":"#1C1A1A","colors_outline_button_labels":"#7B8382","colors_background_1":"#EFECEC","colors_background_2":"#C1BCAE","type_header_font":"americana_n4","type_body_font":"quattrocento_sans_n4","sections":{"footer":{"type":"footer","blocks":{"menu":{"type":"link_list","settings":{}},"text":{"type":"text","settings":{}}},"block_order":["menu","text"],"settings":{"color_scheme":"accent-1"}}}}}}